prefix;word;suffix_adj;suffix
Abandoned;Abyss;Abandoned;Abyss
Ablaze;Accretion-Disk;Ablaze;Accretion-Disk
Abyssal;Adventurer;Able;Adventurer
Accretionary;Albedo;Abyssal;Albedo
Acidic;Algorithm;Accretionary;Algorithm
Activated;Algorithm;Acidic;Algorithm
Advanced;Alloy;Activated;Alloy
Adventurous;Analyzer;Actual;Analyzer
Ageless;Anomaly;Advanced;Anomaly
Airless;Antibody;Adventurous;Antibody
Alarming;Antimatter;Ageless;Antimatter
Alien;Aperture;Airless;Aperture
Alien;Apocalypse;Alarming;Apocalypse
Alive;Apoptosis;Alien;Apoptosis
All-Pervading;Apparition;Alien;Apparition
Amazeballs;Archipelago;Alive;Archipelago
Amazing;Architect;All-Pervading;Architect
Ancestral;Artifact;Amazeballs;Artifact
Ancient;Ascension;Amazing;Ascension
Ancient;Asteroid;Ancestral;Asteroid
Apocalyptic;Asteroid;Ancient;Asteroid
Apocalyptic;Atlas;Ancient;Atlas
Arcane;Atmosphere;Apocalyptic;Atmosphere
Arctic;Atom;Apocalyptic;Atom
Arid;Barrier;Applied;Badlands
Arithmetic;Biomass;Arcane;Barrier
Artificial;Biosphere;Arctic;Biomass
Ash-Shrouded;Blamage;Arid;Biosphere
Astray;Blessing;Arithmetic;Black-Hole
Awe-Inspiring;Blob;Artificial;Blamage
Awesomesauce;Border;Ash-Shrouded;Blessing
Barren;Boundary;Astray;Blob
Bewildered;Brainpain;Awe-Inspiring;Border
Biodiverse;Calamity;Awesomesauce;Boundary
Bioluminescent;Canvas;Barren;Brainpain
Bizarre;Canyon;Bewildered;Calamity
Black;Canyon;Biodiverse;Canvas
Blank;Capacity;Bioluminescent;Canyon
Blazing;Capital;Bizarre;Canyon
Blighted;Catastrophe;Black;Capacity
Blocky;Cave;Blank;Capital
Blooming;Cavity;Blazing;Catastrophe
Blooming;Center;Blighted;Cave
Blossoming;Chaos;Blocky;Cavity
Blue;Chimera;Blooming;Center
Boiling;Chunk;Blooming;Chaos
Bombastic;Cluster;Blossoming;Chimera
Boring;Comet;Blue;Chunk
Bountiful;Companion;Boiling;Cluster
Breathtaking;Conjunction;Bombastic;Comet
Burning;Constellation;Boring;Companion
Cactus-like;Continent;Bountiful;Conjunction
Calcareous;Coordinate;Breathtaking;Constellation
Calcified;Corruption;Burning;Continent
Calm;Cosmos;Cactus-like;Coordinate
Canceled;Cosmos;Cadmium;Corruption
Carbonised;Crack;Cadmium;Cosmos
Cataclastic;Crater;Cadmium;Cosmos
Celestial;Crater;Calcareous;Crack
Cellular;Crazyness;Calcified;Crater
Chaotic;Creation;Calm;Crater
Chlorophyll-rich;Crucible;Canceled;Crazyness
Chromatic;Crust;Carbonised;Creation
Chthonic;Crystal;Cataclastic;Crucible
Circumstellar;Curiosity;Celestial;Crust
Clastic;Curse;Cellular;Crystal
Colliding;Cyberspace;Chaotic;Curiosity
Concentric;Dark-Energy;Chlorophyll-rich;Curse
Confused;Dark-Matter;Chromatic;Cyberspace
Contaminated;Darkness;Chthonic;Dark-Energy
Corpulent;Data;Circumstellar;Dark-Matter
Corrosive;Decay;Clastic;Darkness
Corrupt;Defacation;Colliding;Data
Cosmic;Delusion;Concentric;Decay
Cosmic;Desert;Confused;Defacation
Cosmological;Desire;Contaminated;Delusion
Craggy;Diarrhea;Corpulent;Desert
Crescent;Dimension;Corrosive;Desert
Cryptic;Disappointment;Corrupt;Desire
Cryptic;Disaster;Cosmic;Diarrhea
Cubic;Discombobulation;Cosmic;Dimension
Curious;Dodecahedron;Cosmological;Disappointment
Dank;Dome;Craggy;Disaster
Dark;Doom;Crescent;Discombobulation
Deadly;Dungeon;Cryptic;Dodecahedron
Decaying;Eclipse;Cryptic;Dome
Decomposer;Ecosphere;Cubic;Doom
Deserted;Ecosystem;Curious;Dungeon
Desolate;Elongation;Daily;Eclipse
Devastating;Emptyness;Dank;Ecosphere
Dirty;Enigma;Dark;Ecosystem
Disappointing;Enlightenment;Deadly;Elongation
Divine;Ennui;Dear;Emptyness
Divine;Enterprise;Decaying;Enigma
Doomed;Entity;Decomposer;Enlightenment
Dope;Environment;Deserted;Ennui
Draconian;Epiphany;Desolate;Enterprise
Dystopian;Eternity;Devastating;Entity
Eldritch;Ether;Dirty;Environment
Eldritch;Event-Horizon;Disappointing;Epiphany
Electromagnetic;Existence;Divine;Eternity
Elemental;Exosphere;Divine;Ether
Elevated;Expanse;Doomed;Event-Horizon
Embarrassed;Facade;Dope;Existence
Enchanted;Fairy tale;Draconian;Exoplanet
Endless;Fallout;Dread;Exosphere
Enigmatic;Falsity;Dystopian;Expanse
Enigmatic;Fascination;Eldritch;Facade
Enriched;Formula;Eldritch;Fairy tale
Epic;Fraction;Electromagnetic;Fallout
Erased;Framework;Elemental;Falsity
Esemplastic;Function;Elevated;Fascination
Ethereal;Future;Embarrassed;First-Spawn
Euphonious;G.O.A.T.;Emeril;Flux-Capacitor
Everlasting;Galaxy;Emeril;Forest
Expansive;Gap;Emeril;Formula
Exponential;Gateway;Enchanted;Fraction
Extinct;Gemstone;Endless;Framework
Extraordinary;Glitch;Enigmatic;Freighter
Extraterrestrial;Globe;Enigmatic;Function
Extreme;Gluttony;Enriched;Future
Fallen;Gravitation;Epic;G.O.A.T.
Fantastic;Gravity;Erased;Galaxy
Farting;Gravity;Esemplastic;Gamma-Ray
Fecund;Guardian;Ethereal;Gap
Feral;Harmony;Euphonious;Gateway
Fermentative;Heaven;Everlasting;Gek
Flabbergasted;Heterogeneity;Expansive;Gek
Flaming;Hexagon;Exponential;Gek
Flourishing;History;Extinct;Gemstone
Fractal;Hoi-polloi;Extraordinary;Glitch
Freezing;Homeland;Extraterrestrial;Globe
Frosty;Hyperbole;Extreme;Gluttony
Frozen;Hyperdrive;Fallen;Gravitation
Futuristic;Illusion;Fantastic;Gravity
Galactic;Implosion;Farting;Gravity
Galactic;Impossibility;Fecund;Guardian
Garrulous;Improbability;Feral;Harmony
Geologic;Incantation;Fermentative;Heaven
Geometric;Infinity;Flabbergasted;Heterogeneity
Glacial;Insanity;Flaming;Hexagon
Glitchy;Inscrutability;Flourishing;History
Glorious;Insomnia;Fractal;Hoi-polloi
Gobsmacked;Ionosphere;Freezing;Homeland
Godlike;Island;Frosty;Hyperbole
Godly;Isotope;Frozen;Hyperdrive
Goofy;Juggernaut;Futuristic;Illusion
Grassy;Junk;Galactic;Implosion
Gravitational;Labyrinth;Galactic;Impossibility
Grotesque;Legend;Garrulous;Improbability
Gutless;Legend;Geologic;Incantation
Harmonious;Location;Geometric;Infinite-Improbability-Drive
Harsh;Lullaby;Glacial;Infinity
Haunting;Lump;Glitchy;Insanity
Heavenly;Maelstrom;Glorious;Inscrutability
Hidden;Magnetosphere;Gobsmacked;Insomnia
Hiemal;Magnitude;Godlike;Interceptor
Highfalutin;Malady;Godly;Interloper
Hilly;Mass;Goofy;Interloper
Histrionic;Matrix;Granted;Interloper
Hollow;Matrix;Grassy;Intestines
Holographic;Maze;Gravitational;Ionization
Hostile;Meander;Grotesque;Ionosphere
Hydrodynamical;Median;Gutless;Island
Hypersonic;Mesosphere;Harmonious;Isotope
Idiotic;Meteor;Harsh;Juggernaut
Illuminated;Miasma;Haunting;Jungle
Imposing;Mineral;Heavenly;Junk
Impossible;Mineral;Hidden;Korvax
Incorruptible;Miracle;Hiemal;Korvax
Ineffable;Misery;Highfalutin;Korvax
Ineluctable;Mistake;Hilly;Labyrinth
Infernal;Monolith;Histrionic;Legend
Infinite;Moon;Hollow;Legend
Inorganic;Moonstone;Holographic;Location
Interplanetary;Mountain;Hostile;Lullaby
Interstellar;Mountain;Hydrodynamical;Lump
Interstellar;Myth;Hypersonic;Maelstrom
Intrinsic;Myth;Idiotic;Magnetar
Invasive;Nausea;Illuminated;Magnetosphere
Ionised;Nebula;Impending;Magnitude
Irradiated;Nightmare;Imposing;Malady
Irregular;Nothingsness;Impossible;Marsh
Isotropic;Nowhere;Incorruptible;Mass
Itergalactic;Nucleotide;Indium;Matrix
Jaggy;Obelisk;Indium;Matrix
Karstic;Observatory;Indium;Maze
Kinematic;Obsolescence;Ineffable;Meadow
Large;Opening;Ineluctable;Meander
Laughing;Orbit;Infernal;Median
Legendary;Ore;Infinite;Mesosphere
Legendary;Paradise;Inorganic;Meteor
Lifeless;Paradox;Inside;Miasma
Logarithmic;Petrification;Interplanetary;Mineral
Luminous;Pillar;Interstellar;Mineral
Lunar;Planet;Interstellar;Miracle
Lunar;Planetoid;Intrinsic;Misery
Lush;Poem;Invasive;Mistake
Lush;Possibility;Ionised;Monolith
Maelstromic;Pretzel;Irradiated;Moon
Magnetic;Prophecy;Irregular;Moonstone
Majestic;Protoplanet;Isotropic;Mountain
Malapert;Prototype;Itergalactic;Mountain
Massive;Quasar;Jaggy;Myth
Massive;Reality;Karstic;Myth
Meandering;Refuge;Kinematic;Nausea
Mechanical;Reincarnation;Knotted;Nebula
Metallic;Relic;Large;Neutron-Star
Meteoric;Remembrance;Laughing;Nightmare
Miasmatic;Replica;Legendary;Nothingsness
Microgravity;Retardation;Legendary;Nowhere
Misty;Riddle;Lifeless;Nucleotide
Misunderstood;Ridge;Logarithmic;Oasis
Moldy;Rift;Luminous;Obelisk
Moss-covered;Rock;Lunar;Observatory
Mountainous;Sanctum;Lunar;Obsolescence
Mythical;Scenery;Lush;Ocean
Mythical;Shadow;Lush;Opening
Narrow;Silhouette;Maelstromic;Orbit
Naughty;Singularity;Magnetic;Ore
Nebular;Singularity;Majestic;Paradise
Nebular;Singularity;Malapert;Paradox
Nefarious;Sky;Massive;Petrification
Neverending;Soil;Massive;Pillar
Nocturnal;Sovereign;Meandering;Planet
Nocturnal;Space;Mechanical;Planetary-Nebula
Nonlinear;Space;Metallic;Planetoid
Nonlinear;Spaceship;Meteoric;Poem
Oafish;Spacestation;Miasmatic;Possibility
Obscure;Space-Time;Microgravity;Pretzel
Observational;Spaciousness;Milking;Prophecy
Obsolete;Specter;Misty;Protoplanet
Obtuse;Spectrum;Misunderstood;Prototype
Odd;Sphere;Moldy;Pulsar
Onomatopoeic;Spirit;Moss-covered;Quasar
Opprobrious;Star;Mountainous;Rainforest
Orbital;Stasis;Mythical;Reality
Orbiting;Structure;Mythical;Red-Giant
Organic;Summit;Narrow;Refuge
Oscillating;Sun;Naughty;Reincarnation
Otherworldly;Sunstone;Nebular;Relic
Panoramic;Supercluster;Nebular;Remembrance
Parallax;Surface;Nefarious;Replica
Paranormal;System;Neverending;Retardation
Parasitic;Temptation;Nocturnal;Riddle
Parched;Terrestrial-Planet;Nocturnal;Ridge
Pathetic;Titan;Nonlinear;Rift
Perfidious;Totem;Nonlinear;River
Periodic;Tragedy;Oafish;Rock
Persistant;Tranquility;Obscure;Sanctum
Phantasmic;Troposphere;Observational;Scenery
Photonic;Universe;Obsolete;Schwarzschild-Radius
Picturesque;Unknown;Obtuse;Sentinel
Planetary;Utopia;Odd;Shadow
Plasma-powered;Vacuum;Onomatopoeic;Silhouette
Pointless;Valley;Opprobrious;Singularity
Poisonous;Variation;Orbital;Singularity
Portentous;Vastness;Orbiting;Singularity
Prime;Vector;Organic;Sixteen
Primordial;Vector;Oscillating;Sky
Primordial;Virus;Otherworldly;Soil
Pristine;Void;Panoramic;Solar-Flare
Proto-galactic;Voidfire;Parallax;Sovereign
Pyroclastic;Volcano;Paranormal;Space
Quantum;World;Parasitic;Space
Quantum;Zeitgeist;Parched;Spaceship
Querulous;Zenith;Pathetic;Spacestation
Quixotic;Zenith;Perfidious;Space-Time
Redshifted;;Periodic;Spaciousness
Resonating;;Persistant;Specter
Ridiculous;;Phantasmic;Spectrum
Risible;;Photonic;Sphere
Roaring;;Picturesque;Spirit
Rocket-powered;;Planetary;Star
Saturated;;Plasma-powered;Star-Cluster
Scattered;;Pointless;Stasis
Scorched;;Poisonous;Stellar-Evolution
Secret;;Portentous;Structure
Sedimentary;;Prime;Summit
Seismic;;Primordial;Sun
Self-Assembling;;Primordial;Sunstone
Self-Conscious;;Pristine;Supercluster
Self-Destructive;;Proto-galactic;Surface
Senile;;Pyroclastic;Swamp
Sentinel's;;Quantum;System
Serpentinized;;Quantum;Temptation
Sexy;;Querulous;Terrestrial-Planet
Shimmering;;Quitted;Titan
Significant;;Quixotic;Totem
Smooth;;Readable;Tragedy
Snowy;;Redshifted;Tranquility
Solar;;Resonating;Traveller
Solid;;Ridiculous;Traveller
Spacefaring;;Risible;Traveller
Spastic;;Roaring;Troposphere
Spatial;;Rocket-powered;Universe
Spectral;;Saturated;Unknown
Spherical;;Scattered;Utopia
Stellar;;Scorched;Vacuum
Stentorian;;Secret;Valley
Stormy;;Sedimentary;Variation
Suborbital;;Seismic;Vastness
Sunlit;;Self-Assembling;Vector
Superior;;Self-Conscious;Vector
Supermassive;;Self-Destructive;Virus
Synchronized;;Senile;Void
Synergizing;;Sentinel's;Voidfire
Tectonic;;Serpentinized;Volcano
Tectonic;;Sexy;Vy'keen
Temperate;;Shimmering;Vy'keen
Tenebrous;;Significant;Vy'keen
Terraforming;;Smooth;Waterfall
Terrestrial;;Snowy;Wetland
Thorny;;Solar;World
Thunderstruck;;Solid;Zeitgeist
Time-traveling;;Spacefaring;Zenith
Topsy-turvy;;Spastic;Zenith
Toxic;;Spatial;
Transdimensional;;Spectral;
Transgalactic;;Spherical;
Transgenic;;Stellar;
Transient;;Stentorian;
Tree-like;;Stormy;
Tremendous;;Suborbital;
Tropical;;Sunlit;
Ubiquitous;;Superior;
Ugly;;Supermassive;
Ultrasonic;;Synchronized;
Ultraviolet;;Synergizing;
Unbearable;;Tectonic;
Universal;;Tectonic;
Universal;;Temperate;
Unlikely;;Tenebrous;
Unmanned;;Terraforming;
Unreal;;Terrestrial;
Unsaturated;;Thorny;
Untouchable;;Thunderstruck;
Unusual;;Time-traveling;
Variable;;Topsy-turvy;
Vast;;Toxic;
Vast;;Transdimensional;
Venomous;;Transgalactic;
Verdant;;Transgenic;
Vibrant;;Transient;
Viscous;;Tree-like;
Visionary;;Tremendous;
Vituperative;;Tropical;
Vomiting;;Ubiquitous;
Weird;;Ugly;
Winding;;Ultrasonic;
Windswept;;Ultraviolet;
Wooded;;Unbearable;
Worm-Ridden;;Universal;
Worst;;Universal;
Xeno;;Unlikely;
Xenobiotic;;Unmanned;
Xenolithic;;Unreal;
Yeeted;;Unsaturated;
Zephyrian;;Untouchable;
Zero-gravity;;Unusual;
;;Variable;
;;Vast;
;;Vast;
;;Venomous;
;;Verdant;
;;Vibrant;
;;Viscous;
;;Visionary;
;;Vituperative;
;;Vomiting;
;;Weekly;
;;Weird;
;;Winding;
;;Windswept;
;;Wooded;
;;Worm-Ridden;
;;Worst;
;;Xeno;
;;Xenobiotic;
;;Xenolithic;
;;Yearly;
;;Yeeted;
;;Zephyrian;
;;Zero;
;;Zero-gravity;
